{"entities":[{"levelEntityId":"player","properties":{},"x":240,"y":410,"width":125,"height":160,"group":"Player"},{"levelEntityId":"image","properties":{},"x":150,"y":469,"width":72,"height":105,"group":"Floor","key":"/images/static/static-images","frameID":"tile_ground01.png"},{"levelEntityId":"image","properties":{},"x":222,"y":469,"width":72,"height":105,"group":"Floor","key":"/images/static/static-images","frameID":"tile_ground02.png"},{"levelEntityId":"image","properties":{},"x":294,"y":469,"width":72,"height":105,"group":"Floor","key":"/images/static/static-images","frameID":"tile_ground03.png"},{"levelEntityId":"Collision Area","properties":{},"x":154,"y":526,"width":208,"height":28,"group":"collisions"},{"levelEntityId":"image","properties":{},"x":590,"y":723,"width":72,"height":105,"group":"Floor","key":"/images/static/static-images","frameID":"tile_ground01.png"},{"levelEntityId":"image","properties":{},"x":662,"y":723,"width":72,"height":105,"group":"Floor","key":"/images/static/static-images","frameID":"tile_ground02.png"},{"levelEntityId":"image","properties":{},"x":734,"y":723,"width":72,"height":105,"group":"Floor","key":"/images/static/static-images","frameID":"tile_ground03.png"},{"levelEntityId":"Collision Area","properties":{},"x":594,"y":780,"width":208,"height":28,"group":"collisions"},{"levelEntityId":"image","properties":{},"x":281,"y":1000,"width":72,"height":105,"group":"Floor","key":"/images/static/static-images","frameID":"tile_ground01.png"},{"levelEntityId":"image","properties":{},"x":353,"y":1000,"width":72,"height":105,"group":"Floor","key":"/images/static/static-images","frameID":"tile_ground02.png"},{"levelEntityId":"image","properties":{},"x":425,"y":1000,"width":72,"height":105,"group":"Floor","key":"/images/static/static-images","frameID":"tile_ground03.png"},{"levelEntityId":"image","properties":{},"x":0,"y":1470,"width":72,"height":105,"group":"Floor","key":"/images/static/static-images","frameID":"tile_ground01.png"},{"levelEntityId":"image","properties":{},"x":72,"y":1470,"width":72,"height":105,"group":"Floor","key":"/images/static/static-images","frameID":"tile_ground02.png"},{"levelEntityId":"image","properties":{},"x":144,"y":1470,"width":72,"height":105,"group":"Floor","key":"/images/static/static-images","frameID":"tile_ground03.png"},{"levelEntityId":"image","properties":{},"x":216,"y":1470,"width":72,"height":105,"group":"Floor","key":"/images/static/static-images","frameID":"tile_ground01.png"},{"levelEntityId":"image","properties":{},"x":288,"y":1470,"width":72,"height":105,"group":"Floor","key":"/images/static/static-images","frameID":"tile_ground02.png"},{"levelEntityId":"image","properties":{},"x":360,"y":1470,"width":72,"height":105,"group":"Floor","key":"/images/static/static-images","frameID":"tile_ground03.png"},{"levelEntityId":"image","properties":{},"x":432,"y":1470,"width":72,"height":105,"group":"Floor","key":"/images/static/static-images","frameID":"tile_ground01.png"},{"levelEntityId":"image","properties":{},"x":504,"y":1470,"width":72,"height":105,"group":"Floor","key":"/images/static/static-images","frameID":"tile_ground02.png"},{"levelEntityId":"image","properties":{},"x":720,"y":1470,"width":72,"height":105,"group":"Floor","key":"/images/static/static-images","frameID":"tile_ground02.png"},{"levelEntityId":"image","properties":{},"x":792,"y":1470,"width":72,"height":105,"group":"Floor","key":"/images/static/static-images","frameID":"tile_ground03.png"},{"levelEntityId":"image","properties":{},"x":864,"y":1470,"width":72,"height":105,"group":"Floor","key":"/images/static/static-images","frameID":"tile_ground01.png"},{"levelEntityId":"image","properties":{},"x":936,"y":1470,"width":72,"height":105,"group":"Floor","key":"/images/static/static-images","frameID":"tile_ground02.png"},{"levelEntityId":"image","properties":{},"x":1008,"y":1470,"width":72,"height":105,"group":"Floor","key":"/images/static/static-images","frameID":"tile_ground03.png"},{"levelEntityId":"image","properties":{},"x":1080,"y":1470,"width":72,"height":105,"group":"Floor","key":"/images/static/static-images","frameID":"tile_ground01.png"},{"levelEntityId":"image","properties":{},"x":1152,"y":1470,"width":72,"height":105,"group":"Floor","key":"/images/static/static-images","frameID":"tile_ground02.png"},{"levelEntityId":"image","properties":{},"x":1224,"y":1470,"width":72,"height":105,"group":"Floor","key":"/images/static/static-images","frameID":"tile_ground03.png"},{"levelEntityId":"image","properties":{},"x":1296,"y":1470,"width":72,"height":105,"group":"Floor","key":"/images/static/static-images","frameID":"tile_ground01.png"},{"levelEntityId":"image","properties":{},"x":1368,"y":1470,"width":72,"height":105,"group":"Floor","key":"/images/static/static-images","frameID":"tile_ground02.png"},{"levelEntityId":"image","properties":{},"x":1440,"y":1470,"width":72,"height":105,"group":"Floor","key":"/images/static/static-images","frameID":"tile_ground03.png"},{"levelEntityId":"image","properties":{},"x":1512,"y":1470,"width":72,"height":105,"group":"Floor","key":"/images/static/static-images","frameID":"tile_ground01.png"},{"levelEntityId":"image","properties":{},"x":1584,"y":1470,"width":72,"height":105,"group":"Floor","key":"/images/static/static-images","frameID":"tile_ground02.png"},{"levelEntityId":"image","properties":{},"x":1656,"y":1470,"width":72,"height":105,"group":"Floor","key":"/images/static/static-images","frameID":"tile_ground03.png"},{"levelEntityId":"image","properties":{},"x":1728,"y":1470,"width":72,"height":105,"group":"Floor","key":"/images/static/static-images","frameID":"tile_ground01.png"},{"levelEntityId":"image","properties":{},"x":1800,"y":1470,"width":72,"height":105,"group":"Floor","key":"/images/static/static-images","frameID":"tile_ground02.png"},{"levelEntityId":"image","properties":{},"x":1872,"y":1470,"width":72,"height":105,"group":"Floor","key":"/images/static/static-images","frameID":"tile_ground03.png"},{"levelEntityId":"Collision Area","properties":{},"x":284,"y":1058,"width":212,"height":23,"group":"collisions"},{"levelEntityId":"Collision Area","properties":{},"x":4,"y":1526,"width":1939,"height":30,"group":"collisions"},{"levelEntityId":"image","properties":{},"x":2056,"y":1333,"width":72,"height":105,"group":"Floor","key":"/images/static/static-images","frameID":"tile_ground01.png"},{"levelEntityId":"image","properties":{},"x":2128,"y":1333,"width":72,"height":105,"group":"Floor","key":"/images/static/static-images","frameID":"tile_ground02.png"},{"levelEntityId":"image","properties":{},"x":2200,"y":1333,"width":72,"height":105,"group":"Floor","key":"/images/static/static-images","frameID":"tile_ground03.png"},{"levelEntityId":"image","properties":{},"x":2759,"y":1329,"width":72,"height":105,"group":"Floor","key":"/images/static/static-images","frameID":"tile_ground01.png"},{"levelEntityId":"image","properties":{},"x":2831,"y":1329,"width":72,"height":105,"group":"Floor","key":"/images/static/static-images","frameID":"tile_ground02.png"},{"levelEntityId":"image","properties":{},"x":2903,"y":1329,"width":72,"height":105,"group":"Floor","key":"/images/static/static-images","frameID":"tile_ground03.png"},{"levelEntityId":"image","properties":{},"x":1008,"y":1346,"width":72,"height":105,"group":"Floor","key":"/images/static/static-images","frameID":"tile_ground01.png"},{"levelEntityId":"image","properties":{},"x":1080,"y":1346,"width":72,"height":105,"group":"Floor","key":"/images/static/static-images","frameID":"tile_ground02.png"},{"levelEntityId":"image","properties":{},"x":1152,"y":1346,"width":72,"height":105,"group":"Floor","key":"/images/static/static-images","frameID":"tile_ground03.png"},{"levelEntityId":"Collision Area","properties":{},"x":2057,"y":1392,"width":212,"height":25,"group":"collisions"},{"levelEntityId":"Collision Area","properties":{},"x":2764,"y":1390,"width":212,"height":25,"group":"collisions"},{"levelEntityId":"Collision Area","properties":{},"x":1009,"y":1404,"width":212,"height":129,"group":"collisions"},{"levelEntityId":"image","properties":{},"x":1742,"y":967,"width":72,"height":105,"group":"Floor","key":"/images/static/static-images","frameID":"tile_ground01.png"},{"levelEntityId":"image","properties":{},"x":1814,"y":967,"width":72,"height":105,"group":"Floor","key":"/images/static/static-images","frameID":"tile_ground02.png"},{"levelEntityId":"image","properties":{},"x":1886,"y":967,"width":72,"height":105,"group":"Floor","key":"/images/static/static-images","frameID":"tile_ground03.png"},{"levelEntityId":"Collision Area","properties":{},"x":1746,"y":1027,"width":210,"height":21,"group":"collisions"},{"levelEntityId":"image","properties":{},"x":2424,"y":860,"width":72,"height":105,"group":"Floor","key":"/images/static/static-images","frameID":"tile_ground01.png"},{"levelEntityId":"image","properties":{},"x":2496,"y":860,"width":72,"height":105,"group":"Floor","key":"/images/static/static-images","frameID":"tile_ground02.png"},{"levelEntityId":"image","properties":{},"x":2568,"y":860,"width":72,"height":105,"group":"Floor","key":"/images/static/static-images","frameID":"tile_ground03.png"},{"levelEntityId":"Collision Area","properties":{},"x":2428,"y":918,"width":209,"height":22,"group":"collisions"},{"levelEntityId":"buzzpuck","properties":{},"x":1382,"y":597,"width":150,"height":150,"group":"Enemies"},{"levelEntityId":"buzzpuck","properties":{},"x":1380,"y":1138,"width":150,"height":150,"group":"Enemies"},{"levelEntityId":"buzzpuck","properties":{},"x":1627,"y":1033,"width":150,"height":150,"group":"Enemies"},{"levelEntityId":"image","properties":{},"x":75,"y":1348,"width":72,"height":105,"group":"Floor","key":"/images/static/static-images","frameID":"tile_ground01.png"},{"levelEntityId":"image","properties":{},"x":147,"y":1348,"width":72,"height":105,"group":"Floor","key":"/images/static/static-images","frameID":"tile_ground02.png"},{"levelEntityId":"image","properties":{},"x":219,"y":1348,"width":72,"height":105,"group":"Floor","key":"/images/static/static-images","frameID":"tile_ground03.png"},{"levelEntityId":"Collision Area","properties":{},"x":77,"y":1399,"width":212,"height":129,"group":"collisions"},{"levelEntityId":"bugaboo","properties":{},"x":371.5,"y":1425,"width":100,"height":100,"group":"Enemies"},{"levelEntityId":"bugaboo","properties":{},"x":855.5,"y":1431,"width":100,"height":100,"group":"Enemies"},{"levelEntityId":"buzzpuck","properties":{},"x":2274,"y":861,"width":150,"height":150,"group":"Enemies"},{"levelEntityId":"spikes-1","properties":{},"x":2400,"y":1337,"width":70,"height":105,"group":"Floor"},{"levelEntityId":"spikes-2","properties":{},"x":2540,"y":1337,"width":70,"height":105,"group":"Floor"},{"levelEntityId":"spikes-3","properties":{},"x":2470,"y":1337,"width":70,"height":105,"group":"Floor"},{"levelEntityId":"coin","properties":{},"x":576,"y":549,"width":100,"height":100,"group":"Coins"},{"levelEntityId":"coin","properties":{},"x":648,"y":549,"width":100,"height":100,"group":"Coins"},{"levelEntityId":"coin","properties":{},"x":1505,"y":494,"width":100,"height":100,"group":"Coins"},{"levelEntityId":"coin","properties":{},"x":1648,"y":528,"width":100,"height":100,"group":"Coins"},{"levelEntityId":"coin","properties":{},"x":1730,"y":614,"width":100,"height":100,"group":"Coins"},{"levelEntityId":"coin","properties":{},"x":1786,"y":724,"width":100,"height":100,"group":"Coins"},{"levelEntityId":"coin","properties":{},"x":1804,"y":843,"width":100,"height":100,"group":"Coins"},{"levelEntityId":"coin","properties":{},"x":2409,"y":600,"width":100,"height":100,"group":"Coins"},{"levelEntityId":"coin","properties":{},"x":2460,"y":600,"width":100,"height":100,"group":"Coins"},{"levelEntityId":"coin","properties":{},"x":2409,"y":650,"width":100,"height":100,"group":"Coins"},{"levelEntityId":"coin","properties":{},"x":2459,"y":650,"width":100,"height":100,"group":"Coins"},{"levelEntityId":"coin","properties":{},"x":2409,"y":700,"width":100,"height":100,"group":"Coins"},{"levelEntityId":"coin","properties":{},"x":2459,"y":700,"width":100,"height":100,"group":"Coins"},{"levelEntityId":"coin","properties":{},"x":2509,"y":600,"width":100,"height":100,"group":"Coins"},{"levelEntityId":"coin","properties":{},"x":2559,"y":600,"width":100,"height":100,"group":"Coins"},{"levelEntityId":"coin","properties":{},"x":2509,"y":650,"width":100,"height":100,"group":"Coins"},{"levelEntityId":"coin","properties":{},"x":2559,"y":650,"width":100,"height":100,"group":"Coins"},{"levelEntityId":"coin","properties":{},"x":2509,"y":700,"width":100,"height":100,"group":"Coins"},{"levelEntityId":"coin","properties":{},"x":2559,"y":700,"width":100,"height":100,"group":"Coins"},{"levelEntityId":"coin","properties":{},"x":2732,"y":797,"width":100,"height":100,"group":"Coins"},{"levelEntityId":"coin","properties":{},"x":2807,"y":950,"width":100,"height":100,"group":"Coins"},{"levelEntityId":"coin","properties":{},"x":2831,"y":1117,"width":100,"height":100,"group":"Coins"},{"levelEntityId":"coin","properties":{},"x":723,"y":549,"width":100,"height":100,"group":"Coins"},{"levelEntityId":"coin","properties":{},"x":266,"y":838,"width":100,"height":100,"group":"Coins"},{"levelEntityId":"coin","properties":{},"x":338,"y":838,"width":100,"height":100,"group":"Coins"},{"levelEntityId":"coin","properties":{},"x":413,"y":838,"width":100,"height":100,"group":"Coins"},{"levelEntityId":"buzzpuck","properties":{},"x":4425,"y":755,"width":150,"height":150,"group":"Enemies"},{"levelEntityId":"buzzpuck","properties":{},"x":4447,"y":629,"width":150,"height":150,"group":"Enemies"},{"levelEntityId":"coin","properties":{},"x":3948,"y":442,"width":100,"height":100,"group":"Coins"},{"levelEntityId":"coin","properties":{},"x":4034,"y":441,"width":100,"height":100,"group":"Coins"},{"levelEntityId":"coin","properties":{},"x":4116,"y":442,"width":100,"height":100,"group":"Coins"},{"levelEntityId":"image","properties":{},"x":3253,"y":1272,"width":72,"height":105,"group":"Floor","key":"/images/static/static-images","frameID":"tile_ground01.png"},{"levelEntityId":"image","properties":{},"x":3325,"y":1272,"width":72,"height":105,"group":"Floor","key":"/images/static/static-images","frameID":"tile_ground02.png"},{"levelEntityId":"image","properties":{},"x":3397,"y":1272,"width":72,"height":105,"group":"Floor","key":"/images/static/static-images","frameID":"tile_ground03.png"},{"levelEntityId":"Collision Area","properties":{},"x":3258,"y":1333,"width":212,"height":25,"group":"collisions"},{"levelEntityId":"image","properties":{},"x":3704,"y":1340,"width":72,"height":105,"group":"Floor","key":"/images/static/static-images","frameID":"tile_ground01.png"},{"levelEntityId":"image","properties":{},"x":3776,"y":1340,"width":72,"height":105,"group":"Floor","key":"/images/static/static-images","frameID":"tile_ground02.png"},{"levelEntityId":"image","properties":{},"x":3848,"y":1340,"width":72,"height":105,"group":"Floor","key":"/images/static/static-images","frameID":"tile_ground03.png"},{"levelEntityId":"Collision Area","properties":{},"x":3709,"y":1401,"width":212,"height":25,"group":"collisions"},{"levelEntityId":"image","properties":{},"x":4139,"y":1215,"width":72,"height":105,"group":"Floor","key":"/images/static/static-images","frameID":"tile_ground01.png"},{"levelEntityId":"image","properties":{},"x":4211,"y":1215,"width":72,"height":105,"group":"Floor","key":"/images/static/static-images","frameID":"tile_ground02.png"},{"levelEntityId":"image","properties":{},"x":4283,"y":1215,"width":72,"height":105,"group":"Floor","key":"/images/static/static-images","frameID":"tile_ground03.png"},{"levelEntityId":"Collision Area","properties":{},"x":4144,"y":1276,"width":212,"height":25,"group":"collisions"},{"levelEntityId":"image","properties":{},"x":3806,"y":1059,"width":72,"height":105,"group":"Floor","key":"/images/static/static-images","frameID":"tile_ground01.png"},{"levelEntityId":"image","properties":{},"x":3878,"y":1059,"width":72,"height":105,"group":"Floor","key":"/images/static/static-images","frameID":"tile_ground02.png"},{"levelEntityId":"image","properties":{},"x":3950,"y":1059,"width":72,"height":105,"group":"Floor","key":"/images/static/static-images","frameID":"tile_ground03.png"},{"levelEntityId":"Collision Area","properties":{},"x":3811,"y":1120,"width":212,"height":25,"group":"collisions"},{"levelEntityId":"image","properties":{},"x":4247,"y":941,"width":72,"height":105,"group":"Floor","key":"/images/static/static-images","frameID":"tile_ground01.png"},{"levelEntityId":"image","properties":{},"x":4319,"y":941,"width":72,"height":105,"group":"Floor","key":"/images/static/static-images","frameID":"tile_ground02.png"},{"levelEntityId":"image","properties":{},"x":4391,"y":941,"width":72,"height":105,"group":"Floor","key":"/images/static/static-images","frameID":"tile_ground03.png"},{"levelEntityId":"Collision Area","properties":{},"x":4252,"y":1002,"width":212,"height":25,"group":"collisions"},{"levelEntityId":"image","properties":{},"x":3975,"y":580,"width":72,"height":105,"group":"Floor","key":"/images/static/static-images","frameID":"tile_ground01.png"},{"levelEntityId":"image","properties":{},"x":4047,"y":580,"width":72,"height":105,"group":"Floor","key":"/images/static/static-images","frameID":"tile_ground02.png"},{"levelEntityId":"image","properties":{},"x":4119,"y":580,"width":72,"height":105,"group":"Floor","key":"/images/static/static-images","frameID":"tile_ground03.png"},{"levelEntityId":"Collision Area","properties":{},"x":3980,"y":641,"width":212,"height":25,"group":"collisions"},{"levelEntityId":"image","properties":{},"x":3514,"y":667,"width":72,"height":105,"group":"Floor","key":"/images/static/static-images","frameID":"tile_ground01.png"},{"levelEntityId":"image","properties":{},"x":3586,"y":667,"width":72,"height":105,"group":"Floor","key":"/images/static/static-images","frameID":"tile_ground02.png"},{"levelEntityId":"image","properties":{},"x":3658,"y":667,"width":72,"height":105,"group":"Floor","key":"/images/static/static-images","frameID":"tile_ground03.png"},{"levelEntityId":"Collision Area","properties":{},"x":3519,"y":728,"width":212,"height":25,"group":"collisions"},{"levelEntityId":"image","properties":{},"x":3504,"y":250,"width":72,"height":105,"group":"Floor","key":"/images/static/static-images","frameID":"tile_ground01.png"},{"levelEntityId":"image","properties":{},"x":3576,"y":250,"width":72,"height":105,"group":"Floor","key":"/images/static/static-images","frameID":"tile_ground02.png"},{"levelEntityId":"image","properties":{},"x":3648,"y":250,"width":72,"height":105,"group":"Floor","key":"/images/static/static-images","frameID":"tile_ground03.png"},{"levelEntityId":"Collision Area","properties":{},"x":3509,"y":311,"width":212,"height":25,"group":"collisions"},{"levelEntityId":"buzzpuck","properties":{},"x":3363,"y":526,"width":150,"height":150,"group":"Enemies"},{"levelEntityId":"buzzpuck","properties":{},"x":3327,"y":381,"width":150,"height":150,"group":"Enemies"},{"levelEntityId":"buzzpuck","properties":{},"x":3401,"y":277,"width":150,"height":150,"group":"Enemies"},{"levelEntityId":"portal","properties":{"nextState":"level1"},"x":3748,"y":81,"width":128,"height":136,"group":"Portals"},{"levelEntityId":"buzzpuck","properties":{},"x":4392,"y":506,"width":150,"height":150,"group":"Enemies"},{"levelEntityId":"spikes-1","properties":{},"x":578,"y":1470,"width":70,"height":105,"group":"Spikes"},{"levelEntityId":"spikes-2","properties":{},"x":648,"y":1470,"width":70,"height":105,"group":"Spikes"}],"metaData":{"levelName":"level3","backgroundColour":"0x000000","width":4500,"height":1624,"gridWidth":50,"gridHeight":50,"gridOffsetX":-25,"gridOffsetY":-25},"groups":[{"name":"tiles","properties":{},"collisionData":[]},{"name":"Floor","properties":{},"collisionData":[]},{"name":"Portals","properties":{},"collisionData":[]},{"name":"Coins","properties":{},"collisionData":[]},{"name":"Spikes","properties":{},"collisionData":[]},{"name":"Enemies","properties":{},"collisionData":[{"collidesWith":"collisions","type":"collide","actionCallback":false,"processCallback":false}]},{"name":"Player","properties":{},"collisionData":[{"collidesWith":"Portals","type":"overlap","actionCallback":"hitPortal","processCallback":false},{"collidesWith":"Coins","type":"overlap","actionCallback":"collectCoin","processCallback":false},{"collidesWith":"Enemies","type":"overlap","actionCallback":"hitEnemy","processCallback":false},{"collidesWith":"collisions","type":"collide","actionCallback":false,"processCallback":false},{"collidesWith":"Spikes","type":"collide","actionCallback":"die","processCallback":false}]},{"name":"collisions","properties":{},"collisionData":[]}]}