{"entities":[{"levelEntityId":"image","properties":{},"x":0,"y":525,"width":72,"height":105,"group":"Floor","key":"/images/static/static-images","frameID":"tile_ground01.png"},{"levelEntityId":"image","properties":{},"x":72,"y":525,"width":72,"height":105,"group":"Floor","key":"/images/static/static-images","frameID":"tile_ground02.png"},{"levelEntityId":"image","properties":{},"x":144,"y":525,"width":72,"height":105,"group":"Floor","key":"/images/static/static-images","frameID":"tile_ground03.png"},{"levelEntityId":"image","properties":{},"x":216,"y":525,"width":72,"height":105,"group":"Floor","key":"/images/static/static-images","frameID":"tile_ground01.png"},{"levelEntityId":"image","properties":{},"x":288,"y":525,"width":72,"height":105,"group":"Floor","key":"/images/static/static-images","frameID":"tile_ground02.png"},{"levelEntityId":"image","properties":{},"x":360,"y":525,"width":72,"height":105,"group":"Floor","key":"/images/static/static-images","frameID":"tile_ground03.png"},{"levelEntityId":"image","properties":{},"x":432,"y":525,"width":72,"height":105,"group":"Floor","key":"/images/static/static-images","frameID":"tile_ground03.png"},{"levelEntityId":"image","properties":{},"x":504,"y":525,"width":72,"height":105,"group":"Floor","key":"/images/static/static-images","frameID":"tile_ground01.png"},{"levelEntityId":"image","properties":{},"x":576,"y":525,"width":72,"height":105,"group":"Floor","key":"/images/static/static-images","frameID":"tile_ground02.png"},{"levelEntityId":"image","properties":{},"x":648,"y":525,"width":72,"height":105,"group":"Floor","key":"/images/static/static-images","frameID":"tile_ground01.png"},{"levelEntityId":"image","properties":{},"x":720,"y":525,"width":72,"height":105,"group":"Floor","key":"/images/static/static-images","frameID":"tile_ground01.png"},{"levelEntityId":"image","properties":{},"x":792,"y":525,"width":72,"height":105,"group":"Floor","key":"/images/static/static-images","frameID":"tile_ground02.png"},{"levelEntityId":"image","properties":{},"x":1008,"y":525,"width":72,"height":105,"group":"Floor","key":"/images/static/static-images","frameID":"tile_ground02.png"},{"levelEntityId":"image","properties":{},"x":1080,"y":525,"width":72,"height":105,"group":"Floor","key":"/images/static/static-images","frameID":"tile_ground03.png"},{"levelEntityId":"image","properties":{},"x":1152,"y":525,"width":72,"height":105,"group":"Floor","key":"/images/static/static-images","frameID":"tile_ground03.png"},{"levelEntityId":"image","properties":{},"x":1224,"y":525,"width":72,"height":105,"group":"Floor","key":"/images/static/static-images","frameID":"tile_ground01.png"},{"levelEntityId":"image","properties":{},"x":1296,"y":525,"width":72,"height":105,"group":"Floor","key":"/images/static/static-images","frameID":"tile_ground02.png"},{"levelEntityId":"image","properties":{},"x":1368,"y":525,"width":72,"height":105,"group":"Floor","key":"/images/static/static-images","frameID":"tile_ground01.png"},{"levelEntityId":"image","properties":{},"x":1440,"y":525,"width":72,"height":105,"group":"Floor","key":"/images/static/static-images","frameID":"tile_ground02.png"},{"levelEntityId":"image","properties":{},"x":1512,"y":525,"width":72,"height":105,"group":"Floor","key":"/images/static/static-images","frameID":"tile_ground01.png"},{"levelEntityId":"image","properties":{},"x":1584,"y":525,"width":72,"height":105,"group":"Floor","key":"/images/static/static-images","frameID":"tile_ground01.png"},{"levelEntityId":"image","properties":{},"x":1656,"y":525,"width":72,"height":105,"group":"Floor","key":"/images/static/static-images","frameID":"tile_ground02.png"},{"levelEntityId":"image","properties":{},"x":1728,"y":525,"width":72,"height":105,"group":"Floor","key":"/images/static/static-images","frameID":"tile_ground03.png"},{"levelEntityId":"image","properties":{},"x":1800,"y":525,"width":72,"height":105,"group":"Floor","key":"/images/static/static-images","frameID":"tile_ground01.png"},{"levelEntityId":"image","properties":{},"x":1872,"y":525,"width":72,"height":105,"group":"Floor","key":"/images/static/static-images","frameID":"tile_ground02.png"},{"levelEntityId":"Collision Area","properties":{},"x":4,"y":578,"width":1936,"height":32,"group":"collisions"},{"levelEntityId":"image","properties":{},"x":1944,"y":525,"width":72,"height":105,"group":"Floor","key":"/images/static/static-images","frameID":"tile_ground01.png"},{"levelEntityId":"image","properties":{},"x":2016,"y":525,"width":72,"height":105,"group":"Floor","key":"/images/static/static-images","frameID":"tile_ground01.png"},{"levelEntityId":"image","properties":{},"x":2088,"y":525,"width":72,"height":105,"group":"Floor","key":"/images/static/static-images","frameID":"tile_ground02.png"},{"levelEntityId":"image","properties":{},"x":2160,"y":525,"width":72,"height":105,"group":"Floor","key":"/images/static/static-images","frameID":"tile_ground01.png"},{"levelEntityId":"image","properties":{},"x":2232,"y":525,"width":72,"height":105,"group":"Floor","key":"/images/static/static-images","frameID":"tile_ground02.png"},{"levelEntityId":"image","properties":{},"x":2304,"y":525,"width":72,"height":105,"group":"Floor","key":"/images/static/static-images","frameID":"tile_ground01.png"},{"levelEntityId":"image","properties":{},"x":2376,"y":525,"width":72,"height":105,"group":"Floor","key":"/images/static/static-images","frameID":"tile_ground01.png"},{"levelEntityId":"image","properties":{},"x":2448,"y":525,"width":72,"height":105,"group":"Floor","key":"/images/static/static-images","frameID":"tile_ground02.png"},{"levelEntityId":"image","properties":{},"x":2520,"y":525,"width":72,"height":105,"group":"Floor","key":"/images/static/static-images","frameID":"tile_ground03.png"},{"levelEntityId":"player","properties":{},"x":253,"y":415,"width":125,"height":160,"group":"Player"},{"levelEntityId":"Collision Area","properties":{},"x":1938,"y":578,"width":637,"height":25,"group":"collisions"},{"levelEntityId":"spikes-1","properties":{},"x":866,"y":521,"width":70,"height":105,"group":"Spikes"},{"levelEntityId":"spikes-2","properties":{},"x":936,"y":521,"width":70,"height":105,"group":"Spikes"},{"levelEntityId":"Collision Area","properties":{},"x":653,"y":456,"width":137,"height":129,"group":"collisions"},{"levelEntityId":"Collision Area","properties":{},"x":1081,"y":463,"width":137,"height":129,"group":"collisions"},{"levelEntityId":"image","properties":{},"x":650,"y":397,"width":72,"height":105,"group":"Floor","key":"/images/static/static-images","frameID":"tile_ground02.png"},{"levelEntityId":"image","properties":{},"x":722,"y":397,"width":72,"height":105,"group":"Floor","key":"/images/static/static-images","frameID":"tile_ground01.png"},{"levelEntityId":"image","properties":{},"x":1079,"y":398,"width":72,"height":105,"group":"Floor","key":"/images/static/static-images","frameID":"tile_ground02.png"},{"levelEntityId":"image","properties":{},"x":1151,"y":398,"width":72,"height":105,"group":"Floor","key":"/images/static/static-images","frameID":"tile_ground01.png"},{"levelEntityId":"buzzpuck","properties":{},"x":952,"y":308,"width":150,"height":150,"group":"Enemies"},{"levelEntityId":"bugaboo","properties":{},"x":1616.5,"y":463,"width":100,"height":100,"group":"Enemies"},{"levelEntityId":"image","properties":{},"x":1945,"y":403,"width":72,"height":105,"group":"Floor","key":"/images/static/static-images","frameID":"tile_ground02.png"},{"levelEntityId":"image","properties":{},"x":2017,"y":403,"width":72,"height":105,"group":"Floor","key":"/images/static/static-images","frameID":"tile_ground01.png"},{"levelEntityId":"Collision Area","properties":{},"x":1949,"y":461,"width":137,"height":129,"group":"collisions"},{"levelEntityId":"image","properties":{},"x":2736,"y":735,"width":72,"height":105,"group":"Floor","key":"/images/static/static-images","frameID":"tile_ground01.png"},{"levelEntityId":"image","properties":{},"x":2808,"y":735,"width":72,"height":105,"group":"Floor","key":"/images/static/static-images","frameID":"tile_ground02.png"},{"levelEntityId":"image","properties":{},"x":2880,"y":735,"width":72,"height":105,"group":"Floor","key":"/images/static/static-images","frameID":"tile_ground03.png"},{"levelEntityId":"image","properties":{},"x":3096,"y":945,"width":72,"height":105,"group":"Floor","key":"/images/static/static-images","frameID":"tile_ground01.png"},{"levelEntityId":"image","properties":{},"x":3168,"y":945,"width":72,"height":105,"group":"Floor","key":"/images/static/static-images","frameID":"tile_ground02.png"},{"levelEntityId":"image","properties":{},"x":3240,"y":945,"width":72,"height":105,"group":"Floor","key":"/images/static/static-images","frameID":"tile_ground01.png"},{"levelEntityId":"Collision Area","properties":{},"x":2740,"y":792,"width":208,"height":28,"group":"collisions"},{"levelEntityId":"Collision Area","properties":{},"x":3099,"y":1002,"width":209,"height":28,"group":"collisions"},{"levelEntityId":"portal","properties":{"nextState":"level3"},"x":3497,"y":817,"width":128,"height":136,"group":"Portals"},{"levelEntityId":"coin","properties":{},"x":2600,"y":403,"width":100,"height":100,"group":"Coins"},{"levelEntityId":"coin","properties":{},"x":2713,"y":472,"width":100,"height":100,"group":"Coins"},{"levelEntityId":"coin","properties":{},"x":2779,"y":608,"width":100,"height":100,"group":"Coins"},{"levelEntityId":"coin","properties":{},"x":3019,"y":593,"width":100,"height":100,"group":"Coins"},{"levelEntityId":"coin","properties":{},"x":3133,"y":663,"width":100,"height":100,"group":"Coins"},{"levelEntityId":"coin","properties":{},"x":3179,"y":785,"width":100,"height":100,"group":"Coins"},{"levelEntityId":"coin","properties":{},"x":3365,"y":797,"width":100,"height":100,"group":"Coins"},{"levelEntityId":"coin","properties":{},"x":1284,"y":250,"width":100,"height":100,"group":"Coins"},{"levelEntityId":"coin","properties":{},"x":1384,"y":250,"width":100,"height":100,"group":"Coins"},{"levelEntityId":"coin","properties":{},"x":1484,"y":250,"width":100,"height":100,"group":"Coins"},{"levelEntityId":"coin","properties":{},"x":1584,"y":250,"width":100,"height":100,"group":"Coins"},{"levelEntityId":"coin","properties":{},"x":1684,"y":250,"width":100,"height":100,"group":"Coins"},{"levelEntityId":"coin","properties":{},"x":1784,"y":250,"width":100,"height":100,"group":"Coins"}],"metaData":{"levelName":"level2","backgroundColour":"0x000000","width":4500,"height":1224,"gridWidth":50,"gridHeight":50,"gridOffsetX":-25,"gridOffsetY":-25},"groups":[{"name":"tiles","properties":{},"collisionData":[]},{"name":"Floor","properties":{},"collisionData":[]},{"name":"Portals","properties":{},"collisionData":[]},{"name":"Coins","properties":{},"collisionData":[]},{"name":"Enemies","properties":{},"collisionData":[{"collidesWith":"collisions","type":"collide","actionCallback":false,"processCallback":false}]},{"name":"Spikes","properties":{},"collisionData":[]},{"name":"Player","properties":{},"collisionData":[{"collidesWith":"Portals","type":"overlap","actionCallback":"hitPortal","processCallback":false},{"collidesWith":"Coins","type":"overlap","actionCallback":"collectCoin","processCallback":false},{"collidesWith":"Enemies","type":"overlap","actionCallback":"hitEnemy","processCallback":false},{"collidesWith":"collisions","type":"collide","actionCallback":false,"processCallback":false},{"collidesWith":"Spikes","type":"collide","actionCallback":"die","processCallback":false}]},{"name":"collisions","properties":{},"collisionData":[]}]}