{"entities":[{"levelEntityId":"image","properties":{},"x":0,"y":525,"width":72,"height":105,"group":"Floor","key":"/images/static/static-images","frameID":"tile_ground01.png"},{"levelEntityId":"image","properties":{},"x":72,"y":525,"width":72,"height":105,"group":"Floor","key":"/images/static/static-images","frameID":"tile_ground02.png"},{"levelEntityId":"image","properties":{},"x":144,"y":525,"width":72,"height":105,"group":"Floor","key":"/images/static/static-images","frameID":"tile_ground03.png"},{"levelEntityId":"image","properties":{},"x":216,"y":525,"width":72,"height":105,"group":"Floor","key":"/images/static/static-images","frameID":"tile_ground01.png"},{"levelEntityId":"image","properties":{},"x":288,"y":525,"width":72,"height":105,"group":"Floor","key":"/images/static/static-images","frameID":"tile_ground02.png"},{"levelEntityId":"image","properties":{},"x":360,"y":525,"width":72,"height":105,"group":"Floor","key":"/images/static/static-images","frameID":"tile_ground03.png"},{"levelEntityId":"image","properties":{},"x":432,"y":525,"width":72,"height":105,"group":"Floor","key":"/images/static/static-images","frameID":"tile_ground03.png"},{"levelEntityId":"image","properties":{},"x":504,"y":525,"width":72,"height":105,"group":"Floor","key":"/images/static/static-images","frameID":"tile_ground01.png"},{"levelEntityId":"image","properties":{},"x":576,"y":525,"width":72,"height":105,"group":"Floor","key":"/images/static/static-images","frameID":"tile_ground02.png"},{"levelEntityId":"image","properties":{},"x":648,"y":525,"width":72,"height":105,"group":"Floor","key":"/images/static/static-images","frameID":"tile_ground01.png"},{"levelEntityId":"image","properties":{},"x":720,"y":525,"width":72,"height":105,"group":"Floor","key":"/images/static/static-images","frameID":"tile_ground01.png"},{"levelEntityId":"image","properties":{},"x":792,"y":525,"width":72,"height":105,"group":"Floor","key":"/images/static/static-images","frameID":"tile_ground02.png"},{"levelEntityId":"image","properties":{},"x":864,"y":525,"width":72,"height":105,"group":"Floor","key":"/images/static/static-images","frameID":"tile_ground03.png"},{"levelEntityId":"image","properties":{},"x":936,"y":525,"width":72,"height":105,"group":"Floor","key":"/images/static/static-images","frameID":"tile_ground01.png"},{"levelEntityId":"image","properties":{},"x":1008,"y":525,"width":72,"height":105,"group":"Floor","key":"/images/static/static-images","frameID":"tile_ground02.png"},{"levelEntityId":"image","properties":{},"x":1080,"y":525,"width":72,"height":105,"group":"Floor","key":"/images/static/static-images","frameID":"tile_ground03.png"},{"levelEntityId":"image","properties":{},"x":1152,"y":525,"width":72,"height":105,"group":"Floor","key":"/images/static/static-images","frameID":"tile_ground03.png"},{"levelEntityId":"image","properties":{},"x":1224,"y":525,"width":72,"height":105,"group":"Floor","key":"/images/static/static-images","frameID":"tile_ground01.png"},{"levelEntityId":"image","properties":{},"x":1296,"y":525,"width":72,"height":105,"group":"Floor","key":"/images/static/static-images","frameID":"tile_ground02.png"},{"levelEntityId":"image","properties":{},"x":1368,"y":525,"width":72,"height":105,"group":"Floor","key":"/images/static/static-images","frameID":"tile_ground01.png"},{"levelEntityId":"image","properties":{},"x":1440,"y":525,"width":72,"height":105,"group":"Floor","key":"/images/static/static-images","frameID":"tile_ground02.png"},{"levelEntityId":"image","properties":{},"x":1512,"y":525,"width":72,"height":105,"group":"Floor","key":"/images/static/static-images","frameID":"tile_ground01.png"},{"levelEntityId":"image","properties":{},"x":1584,"y":525,"width":72,"height":105,"group":"Floor","key":"/images/static/static-images","frameID":"tile_ground01.png"},{"levelEntityId":"image","properties":{},"x":1656,"y":525,"width":72,"height":105,"group":"Floor","key":"/images/static/static-images","frameID":"tile_ground02.png"},{"levelEntityId":"image","properties":{},"x":1728,"y":525,"width":72,"height":105,"group":"Floor","key":"/images/static/static-images","frameID":"tile_ground03.png"},{"levelEntityId":"image","properties":{},"x":1800,"y":525,"width":72,"height":105,"group":"Floor","key":"/images/static/static-images","frameID":"tile_ground01.png"},{"levelEntityId":"image","properties":{},"x":1872,"y":525,"width":72,"height":105,"group":"Floor","key":"/images/static/static-images","frameID":"tile_ground02.png"},{"levelEntityId":"image","properties":{},"x":1130,"y":240,"width":72,"height":105,"group":"Floor","key":"/images/static/static-images","frameID":"tile_ground01.png"},{"levelEntityId":"image","properties":{},"x":1202,"y":240,"width":72,"height":105,"group":"Floor","key":"/images/static/static-images","frameID":"tile_ground02.png"},{"levelEntityId":"image","properties":{},"x":1274,"y":240,"width":72,"height":105,"group":"Floor","key":"/images/static/static-images","frameID":"tile_ground01.png"},{"levelEntityId":"image","properties":{},"x":1346,"y":240,"width":72,"height":105,"group":"Floor","key":"/images/static/static-images","frameID":"tile_ground02.png"},{"levelEntityId":"image","properties":{},"x":1418,"y":240,"width":72,"height":105,"group":"Floor","key":"/images/static/static-images","frameID":"tile_ground01.png"},{"levelEntityId":"image","properties":{},"x":1490,"y":240,"width":72,"height":105,"group":"Floor","key":"/images/static/static-images","frameID":"tile_ground01.png"},{"levelEntityId":"image","properties":{},"x":1562,"y":240,"width":72,"height":105,"group":"Floor","key":"/images/static/static-images","frameID":"tile_ground02.png"},{"levelEntityId":"image","properties":{},"x":1634,"y":240,"width":72,"height":105,"group":"Floor","key":"/images/static/static-images","frameID":"tile_ground03.png"},{"levelEntityId":"Collision Area","properties":{},"x":4,"y":578,"width":1936,"height":32,"group":"collisions"},{"levelEntityId":"Collision Area","properties":{},"x":1136,"y":291,"width":567,"height":54,"group":"collisions"},{"levelEntityId":"image","properties":{},"x":1944,"y":525,"width":72,"height":105,"group":"Floor","key":"/images/static/static-images","frameID":"tile_ground01.png"},{"levelEntityId":"image","properties":{},"x":2016,"y":525,"width":72,"height":105,"group":"Floor","key":"/images/static/static-images","frameID":"tile_ground01.png"},{"levelEntityId":"image","properties":{},"x":2088,"y":525,"width":72,"height":105,"group":"Floor","key":"/images/static/static-images","frameID":"tile_ground02.png"},{"levelEntityId":"image","properties":{},"x":2160,"y":525,"width":72,"height":105,"group":"Floor","key":"/images/static/static-images","frameID":"tile_ground01.png"},{"levelEntityId":"image","properties":{},"x":2232,"y":525,"width":72,"height":105,"group":"Floor","key":"/images/static/static-images","frameID":"tile_ground02.png"},{"levelEntityId":"image","properties":{},"x":2304,"y":525,"width":72,"height":105,"group":"Floor","key":"/images/static/static-images","frameID":"tile_ground01.png"},{"levelEntityId":"image","properties":{},"x":2376,"y":525,"width":72,"height":105,"group":"Floor","key":"/images/static/static-images","frameID":"tile_ground01.png"},{"levelEntityId":"image","properties":{},"x":2448,"y":525,"width":72,"height":105,"group":"Floor","key":"/images/static/static-images","frameID":"tile_ground02.png"},{"levelEntityId":"image","properties":{},"x":2520,"y":525,"width":72,"height":105,"group":"Floor","key":"/images/static/static-images","frameID":"tile_ground03.png"},{"levelEntityId":"image","properties":{},"x":2016,"y":399,"width":72,"height":105,"group":"Floor","key":"/images/static/static-images","frameID":"tile_ground01.png"},{"levelEntityId":"image","properties":{},"x":2090,"y":400,"width":72,"height":105,"group":"Floor","key":"/images/static/static-images","frameID":"tile_ground01.png"},{"levelEntityId":"Collision Area","properties":{},"x":2025,"y":450,"width":130,"height":126,"group":"collisions"},{"levelEntityId":"image","properties":{},"x":2451,"y":250,"width":72,"height":105,"group":"Floor","key":"/images/static/static-images","frameID":"tile_ground02.png"},{"levelEntityId":"image","properties":{},"x":2449,"y":387,"width":72,"height":105,"group":"Floor","key":"/images/static/static-images","frameID":"tile_ground02.png"},{"levelEntityId":"image","properties":{},"x":2523,"y":250,"width":72,"height":105,"group":"Floor","key":"/images/static/static-images","frameID":"tile_ground03.png"},{"levelEntityId":"image","properties":{},"x":2521,"y":387,"width":72,"height":105,"group":"Floor","key":"/images/static/static-images","frameID":"tile_ground01.png"},{"levelEntityId":"Collision Area","properties":{},"x":2456,"y":305,"width":133,"height":273,"group":"collisions"},{"levelEntityId":"player","properties":{},"x":253,"y":415,"width":125,"height":160,"group":"Player"},{"levelEntityId":"coin","properties":{},"x":1209,"y":156,"width":100,"height":100,"group":"Coins"},{"levelEntityId":"coin","properties":{},"x":1309,"y":156,"width":100,"height":100,"group":"Coins"},{"levelEntityId":"coin","properties":{},"x":1409,"y":156,"width":100,"height":100,"group":"Coins"},{"levelEntityId":"coin","properties":{},"x":1509,"y":156,"width":100,"height":100,"group":"Coins"},{"levelEntityId":"buzzpuck","properties":{},"x":2796,"y":229,"width":150,"height":150,"group":"Enemies"},{"levelEntityId":"buzzpuck","properties":{},"x":3130,"y":169,"width":150,"height":150,"group":"Enemies"},{"levelEntityId":"buzzpuck","properties":{},"x":3457,"y":231,"width":150,"height":150,"group":"Enemies"},{"levelEntityId":"image","properties":{},"x":3672,"y":525,"width":72,"height":105,"group":"Floor","key":"/images/static/static-images","frameID":"tile_ground01.png"},{"levelEntityId":"image","properties":{},"x":4032,"y":525,"width":72,"height":105,"group":"Floor","key":"/images/static/static-images","frameID":"tile_ground01.png"},{"levelEntityId":"Collision Area","properties":{},"x":3676,"y":575,"width":714,"height":53,"group":"collisions"},{"levelEntityId":"image","properties":{},"x":718,"y":419,"width":72,"height":105,"group":"Floor","key":"/images/static/static-images","frameID":"tile_ground01.png"},{"levelEntityId":"image","properties":{},"x":792,"y":420,"width":72,"height":105,"group":"Floor","key":"/images/static/static-images","frameID":"tile_ground01.png"},{"levelEntityId":"Collision Area","properties":{},"x":727,"y":470,"width":130,"height":126,"group":"collisions"},{"levelEntityId":"Collision Area","properties":{},"x":1938,"y":578,"width":637,"height":25,"group":"collisions"},{"levelEntityId":"portal","properties":{"nextState":"level2"},"x":4250,"y":338,"width":128,"height":136,"group":"Portals"},{"levelEntityId":"image","properties":{},"x":3744,"y":525,"width":72,"height":105,"group":"Floor","key":"/images/static/static-images","frameID":"tile_ground02.png"},{"levelEntityId":"image","properties":{},"x":3816,"y":525,"width":72,"height":105,"group":"Floor","key":"/images/static/static-images","frameID":"tile_ground03.png"},{"levelEntityId":"image","properties":{},"x":3960,"y":525,"width":72,"height":105,"group":"Floor","key":"/images/static/static-images","frameID":"tile_ground01.png"},{"levelEntityId":"image","properties":{},"x":3888,"y":525,"width":72,"height":105,"group":"Floor","key":"/images/static/static-images","frameID":"tile_ground02.png"},{"levelEntityId":"image","properties":{},"x":4104,"y":525,"width":72,"height":105,"group":"Floor","key":"/images/static/static-images","frameID":"tile_ground02.png"},{"levelEntityId":"image","properties":{},"x":4176,"y":525,"width":72,"height":105,"group":"Floor","key":"/images/static/static-images","frameID":"tile_ground03.png"},{"levelEntityId":"image","properties":{},"x":4320,"y":525,"width":72,"height":105,"group":"Floor","key":"/images/static/static-images","frameID":"tile_ground01.png"},{"levelEntityId":"image","properties":{},"x":4248,"y":525,"width":72,"height":105,"group":"Floor","key":"/images/static/static-images","frameID":"tile_ground02.png"}],"metaData":{"levelName":"level1","backgroundColour":"0x000000","width":4500,"height":1024,"gridWidth":72,"gridHeight":105,"gridOffsetX":0,"gridOffsetY":0},"groups":[{"name":"collisions","properties":{},"collisionData":[]},{"name":"Floor","properties":{},"collisionData":[]},{"name":"Portals","properties":{},"collisionData":[]},{"name":"Coins","properties":{},"collisionData":[]},{"name":"Enemies","properties":{},"collisionData":[]},{"name":"Player","properties":{},"collisionData":[{"collidesWith":"collisions","type":"collide","actionCallback":false,"processCallback":false},{"collidesWith":"Coins","type":"overlap","actionCallback":"collectCoin","processCallback":false},{"collidesWith":"Enemies","type":"overlap","actionCallback":"hitEnemy","processCallback":false},{"collidesWith":"Portals","type":"overlap","actionCallback":"hitPortal","processCallback":false}]}]}