{"frames": {

"1.png":
{
	"frame": {"x":111,"y":86,"w":17,"h":16},
	"rotated": false,
	"trimmed": true,
	"spriteSourceSize": {"x":1,"y":0,"w":17,"h":16},
	"sourceSize": {"w":19,"h":17}
},
"2.png":
{
	"frame": {"x":184,"y":85,"w":28,"h":20},
	"rotated": false,
	"trimmed": true,
	"spriteSourceSize": {"x":2,"y":0,"w":28,"h":20},
	"sourceSize": {"w":32,"h":21}
},
"3.png":
{
	"frame": {"x":28,"y":87,"w":23,"h":17},
	"rotated": false,
	"trimmed": true,
	"spriteSourceSize": {"x":1,"y":0,"w":23,"h":17},
	"sourceSize": {"w":25,"h":18}
},
"4.png":
{
	"frame": {"x":53,"y":87,"w":26,"h":16},
	"rotated": false,
	"trimmed": true,
	"spriteSourceSize": {"x":1,"y":1,"w":26,"h":16},
	"sourceSize": {"w":29,"h":18}
},
"5.png":
{
	"frame": {"x":2,"y":87,"w":24,"h":17},
	"rotated": false,
	"trimmed": true,
	"spriteSourceSize": {"x":1,"y":1,"w":24,"h":17},
	"sourceSize": {"w":26,"h":18}
},
"6.png":
{
	"frame": {"x":150,"y":85,"w":32,"h":20},
	"rotated": false,
	"trimmed": true,
	"spriteSourceSize": {"x":1,"y":0,"w":32,"h":20},
	"sourceSize": {"w":34,"h":21}
},
"7.png":
{
	"frame": {"x":81,"y":86,"w":28,"h":19},
	"rotated": false,
	"trimmed": true,
	"spriteSourceSize": {"x":0,"y":1,"w":28,"h":19},
	"sourceSize": {"w":29,"h":20}
},
"tile_ground01.png":
{
	"frame": {"x":150,"y":2,"w":72,"h":81},
	"rotated": false,
	"trimmed": true,
	"spriteSourceSize": {"x":0,"y":24,"w":72,"h":81},
	"sourceSize": {"w":72,"h":105}
},
"tile_ground02.png":
{
	"frame": {"x":76,"y":2,"w":72,"h":82},
	"rotated": false,
	"trimmed": true,
	"spriteSourceSize": {"x":0,"y":23,"w":72,"h":82},
	"sourceSize": {"w":72,"h":105}
},
"tile_ground03.png":
{
	"frame": {"x":2,"y":2,"w":72,"h":83},
	"rotated": false,
	"trimmed": true,
	"spriteSourceSize": {"x":0,"y":22,"w":72,"h":83},
	"sourceSize": {"w":72,"h":105}
}},
"meta": {
	"app": "http://www.codeandweb.com/texturepacker",
	"version": "1.0",
	"image": "static-images.png",
	"format": "RGBA8888",
	"size": {"w":224,"h":107},
	"scale": "0.5",
	"smartupdate": "$TexturePacker:SmartUpdate:1a4ff2367b4babfb62305418b92d4ac9:1277b4d4e56af08c2c7ffe5cad94feec:a9b3953cc0e258ceb715f9a3c1f9b670$"
}
}
