{"frames": {

"add-group-hover.png":
{
	"frame": {"x":2,"y":29,"w":155,"h":33},
	"rotated": false,
	"trimmed": false,
	"spriteSourceSize": {"x":0,"y":0,"w":155,"h":33},
	"sourceSize": {"w":155,"h":33},
	"pivot": {"x":0,"y":0}
},
"add-group.png":
{
	"frame": {"x":159,"y":29,"w":155,"h":33},
	"rotated": false,
	"trimmed": false,
	"spriteSourceSize": {"x":0,"y":0,"w":155,"h":33},
	"sourceSize": {"w":155,"h":33},
	"pivot": {"x":0,"y":0}
},
"bottom-bar.png":
{
	"frame": {"x":469,"y":29,"w":1,"h":97},
	"rotated": false,
	"trimmed": false,
	"spriteSourceSize": {"x":0,"y":0,"w":1,"h":97},
	"sourceSize": {"w":1,"h":97},
	"pivot": {"x":0,"y":0}
},
"btn-white-small-over.png":
{
	"frame": {"x":215,"y":124,"w":90,"h":20},
	"rotated": false,
	"trimmed": false,
	"spriteSourceSize": {"x":0,"y":0,"w":90,"h":20},
	"sourceSize": {"w":90,"h":20},
	"pivot": {"x":0,"y":0}
},
"btn-white-small.png":
{
	"frame": {"x":294,"y":149,"w":90,"h":20},
	"rotated": false,
	"trimmed": false,
	"spriteSourceSize": {"x":0,"y":0,"w":90,"h":20},
	"sourceSize": {"w":90,"h":20},
	"pivot": {"x":0,"y":0}
},
"close-tab.png":
{
	"frame": {"x":439,"y":57,"w":24,"h":27},
	"rotated": false,
	"trimmed": false,
	"spriteSourceSize": {"x":0,"y":0,"w":24,"h":27},
	"sourceSize": {"w":24,"h":27},
	"pivot": {"x":0,"y":0}
},
"group-active.png":
{
	"frame": {"x":2,"y":64,"w":218,"h":22},
	"rotated": false,
	"trimmed": false,
	"spriteSourceSize": {"x":0,"y":0,"w":218,"h":22},
	"sourceSize": {"w":218,"h":22},
	"pivot": {"x":0,"y":0}
},
"group-hover.png":
{
	"frame": {"x":2,"y":88,"w":211,"h":22},
	"rotated": false,
	"trimmed": true,
	"spriteSourceSize": {"x":8,"y":0,"w":211,"h":22},
	"sourceSize": {"w":219,"h":22},
	"pivot": {"x":0,"y":0}
},
"group-idle.png":
{
	"frame": {"x":2,"y":149,"w":211,"h":22},
	"rotated": false,
	"trimmed": true,
	"spriteSourceSize": {"x":8,"y":0,"w":211,"h":22},
	"sourceSize": {"w":219,"h":22},
	"pivot": {"x":0,"y":0}
},
"group-locked.png":
{
	"frame": {"x":386,"y":149,"w":16,"h":15},
	"rotated": false,
	"trimmed": false,
	"spriteSourceSize": {"x":0,"y":0,"w":16,"h":15},
	"sourceSize": {"w":16,"h":15},
	"pivot": {"x":0,"y":0}
},
"group-selection-entities-active.png":
{
	"frame": {"x":316,"y":29,"w":111,"h":28},
	"rotated": false,
	"trimmed": false,
	"spriteSourceSize": {"x":0,"y":0,"w":111,"h":28},
	"sourceSize": {"w":111,"h":28},
	"pivot": {"x":0,"y":0}
},
"group-selection-entities.png":
{
	"frame": {"x":316,"y":59,"w":111,"h":28},
	"rotated": false,
	"trimmed": false,
	"spriteSourceSize": {"x":0,"y":0,"w":111,"h":28},
	"sourceSize": {"w":111,"h":28},
	"pivot": {"x":0,"y":0}
},
"group-selection-images-active.png":
{
	"frame": {"x":314,"y":89,"w":111,"h":28},
	"rotated": false,
	"trimmed": false,
	"spriteSourceSize": {"x":0,"y":0,"w":111,"h":28},
	"sourceSize": {"w":111,"h":28},
	"pivot": {"x":0,"y":0}
},
"group-selection-images.png":
{
	"frame": {"x":307,"y":119,"w":111,"h":28},
	"rotated": false,
	"trimmed": false,
	"spriteSourceSize": {"x":0,"y":0,"w":111,"h":28},
	"sourceSize": {"w":111,"h":28},
	"pivot": {"x":0,"y":0}
},
"group-settings-cog-button-hover.png":
{
	"frame": {"x":215,"y":149,"w":16,"h":16},
	"rotated": false,
	"trimmed": false,
	"spriteSourceSize": {"x":0,"y":0,"w":16,"h":16},
	"sourceSize": {"w":16,"h":16},
	"pivot": {"x":0,"y":0}
},
"group-settings-cog-button.png":
{
	"frame": {"x":276,"y":146,"w":16,"h":16},
	"rotated": false,
	"trimmed": false,
	"spriteSourceSize": {"x":0,"y":0,"w":16,"h":16},
	"sourceSize": {"w":16,"h":16},
	"pivot": {"x":0,"y":0}
},
"group-unlocked.png":
{
	"frame": {"x":404,"y":149,"w":16,"h":15},
	"rotated": false,
	"trimmed": false,
	"spriteSourceSize": {"x":0,"y":0,"w":16,"h":15},
	"sourceSize": {"w":16,"h":15},
	"pivot": {"x":0,"y":0}
},
"help.png":
{
	"frame": {"x":439,"y":128,"w":27,"h":26},
	"rotated": false,
	"trimmed": false,
	"spriteSourceSize": {"x":0,"y":0,"w":27,"h":26},
	"sourceSize": {"w":27,"h":26},
	"pivot": {"x":0,"y":0}
},
"horizontal-scrollbar.jpg":
{
	"frame": {"x":2,"y":134,"w":142,"h":8},
	"rotated": false,
	"trimmed": false,
	"spriteSourceSize": {"x":0,"y":0,"w":142,"h":8},
	"sourceSize": {"w":142,"h":8},
	"pivot": {"x":0,"y":0}
},
"invisible-tab.png":
{
	"frame": {"x":439,"y":156,"w":25,"h":15},
	"rotated": false,
	"trimmed": false,
	"spriteSourceSize": {"x":0,"y":0,"w":25,"h":15},
	"sourceSize": {"w":25,"h":15},
	"pivot": {"x":0,"y":0}
},
"open-tab.png":
{
	"frame": {"x":439,"y":86,"w":24,"h":27},
	"rotated": false,
	"trimmed": false,
	"spriteSourceSize": {"x":0,"y":0,"w":24,"h":27},
	"sourceSize": {"w":24,"h":27},
	"pivot": {"x":0,"y":0}
},
"publish-over.png":
{
	"frame": {"x":222,"y":64,"w":90,"h":28},
	"rotated": false,
	"trimmed": false,
	"spriteSourceSize": {"x":0,"y":0,"w":90,"h":28},
	"sourceSize": {"w":90,"h":28},
	"pivot": {"x":0,"y":0}
},
"publish.png":
{
	"frame": {"x":215,"y":94,"w":90,"h":28},
	"rotated": false,
	"trimmed": false,
	"spriteSourceSize": {"x":0,"y":0,"w":90,"h":28},
	"sourceSize": {"w":90,"h":28},
	"pivot": {"x":0,"y":0}
},
"red-button-bg.png":
{
	"frame": {"x":2,"y":112,"w":78,"h":20},
	"rotated": false,
	"trimmed": false,
	"spriteSourceSize": {"x":0,"y":0,"w":78,"h":20},
	"sourceSize": {"w":78,"h":20},
	"pivot": {"x":0,"y":0}
},
"scrollbar-bottom.png":
{
	"frame": {"x":468,"y":128,"w":2,"h":12},
	"rotated": false,
	"trimmed": false,
	"spriteSourceSize": {"x":0,"y":0,"w":2,"h":12},
	"sourceSize": {"w":2,"h":12},
	"pivot": {"x":0,"y":0}
},
"scrollbar-button.png":
{
	"frame": {"x":429,"y":29,"w":8,"h":142},
	"rotated": false,
	"trimmed": false,
	"spriteSourceSize": {"x":0,"y":0,"w":8,"h":142},
	"sourceSize": {"w":8,"h":142},
	"pivot": {"x":0,"y":0}
},
"scrollbar-end.png":
{
	"frame": {"x":466,"y":156,"w":12,"h":9},
	"rotated": false,
	"trimmed": false,
	"spriteSourceSize": {"x":0,"y":0,"w":12,"h":9},
	"sourceSize": {"w":12,"h":9},
	"pivot": {"x":0,"y":0}
},
"scrollbar-mid.png":
{
	"frame": {"x":466,"y":167,"w":12,"h":2},
	"rotated": false,
	"trimmed": false,
	"spriteSourceSize": {"x":0,"y":0,"w":12,"h":2},
	"sourceSize": {"w":12,"h":2},
	"pivot": {"x":0,"y":0}
},
"settings.png":
{
	"frame": {"x":439,"y":29,"w":28,"h":26},
	"rotated": false,
	"trimmed": false,
	"spriteSourceSize": {"x":0,"y":0,"w":28,"h":26},
	"sourceSize": {"w":28,"h":26},
	"pivot": {"x":0,"y":0}
},
"side-panel.png":
{
	"frame": {"x":2,"y":146,"w":245,"h":1},
	"rotated": false,
	"trimmed": false,
	"spriteSourceSize": {"x":0,"y":0,"w":245,"h":1},
	"sourceSize": {"w":245,"h":1},
	"pivot": {"x":0,"y":0}
},
"title-bg.png":
{
	"frame": {"x":2,"y":2,"w":478,"h":25},
	"rotated": false,
	"trimmed": false,
	"spriteSourceSize": {"x":0,"y":0,"w":478,"h":25},
	"sourceSize": {"w":478,"h":25},
	"pivot": {"x":0,"y":0}
},
"top-bar.png":
{
	"frame": {"x":472,"y":29,"w":5,"h":35},
	"rotated": false,
	"trimmed": false,
	"spriteSourceSize": {"x":0,"y":0,"w":5,"h":35},
	"sourceSize": {"w":5,"h":35},
	"pivot": {"x":0,"y":0}
},
"visible-tab.png":
{
	"frame": {"x":249,"y":146,"w":25,"h":15},
	"rotated": false,
	"trimmed": false,
	"spriteSourceSize": {"x":0,"y":0,"w":25,"h":15},
	"sourceSize": {"w":25,"h":15},
	"pivot": {"x":0,"y":0}
}},
"meta": {
	"app": "http://www.codeandweb.com/texturepacker",
	"version": "1.0",
	"image": "editor-atlas.png",
	"format": "RGBA8888",
	"size": {"w":482,"h":173},
	"scale": "1",
	"smartupdate": "$TexturePacker:SmartUpdate:deb119794d874843092273fec86724fd:b416a87f96e753c7a3c888348b86da33:1acafe7d0acbf03204ddc182eb5925ea$"
}
}
